{
  "posts": [
    {
      "id": 1,
      "author": "jonathan",
      "title": "Que faire avec un disque dur cassé ?",
      "content": "Si vous avez des disques durs totalement HS et que vous ne savez pas quoi en faire à part les réduire en miettes avant de les apporter dans une déchetterie, voici quelques idées de recyclage plutôt pas mal.Idée n°1Récupérer les aimants super puissants qui se cachent à l'intérieur pour fabriquer un support à couteau ou une boite à vis magique.",
      "tags": "hardware/recyclage/utile/HDD"
    },
    {
      "id": 11
    },
    {
      "name": "Jul lepetitbambin",
      "address": "rue du test",
      "id": 12
    },
    {
      "id": 13
    },
    {
      "id": 14
    },
    {
      "id": 15
    },
    {
      "author": "Donzo",
      "title": "Toulouse: il se fait abattre de 46 balles dans le corps pour avoir demandé un « pain au chocolat »",
      "content": "dans une boulangerie du centre-ville de Toulouse, , un jeune touriste parisien de 26 ans a été brutalement mis à mort.Son crime ? Avoir demandé à la boulangère un « pain au chocolat » et non une « chocolatine » comme on l’appelle dans le sud-ouest. ",
      "tags": "boulangerie/debat/utile",
      "id": 16
    },
    {
      "author": "Marco",
      "title": "Pourkoi la vi",
      "content": "Parce ke la maur",
      "tags": "kestionexistanciel/utile/vi",
      "id": 17
    },
    {
      "id": 18
    },
    {
      "author": "Samy",
      "title": "Quel est le poids de la matiére noire ?",
      "content": "Je sais pas.",
      "tags": "science/physique/humournoir",
      "id": 19
    },
    {
      "author": "Facolombani",
      "title": "C’est quoi un usb Type-C ?",
      "content": "L'USB Type-C est une norme relative à l'utilisation d'un connecteur USB réversible, et proposée par l'USB Implementers Forum",
      "tags": "hardware/recyclage/utile/HDD",
      "id": 20
    },
    {
      "author": "Wikيولد جميع الناس أحرارًا متساوين في الكرامة والحقوق. وقد وهبوا عقلاً وضميرًا وعليهم أن يعاملوا بعضهم بعضًا  ",
      "title": "Un wiki est une application web qui permet la création",
      "content": "   jjjjj juuu    ",
      "tags": "hardware/recyclage/utile/HDD",
      "id": 21
    },
    {
      "author": "Olivier",
      "title": "C'est quoi un article?",
      "content": "Un article est un texte à visé informative, destiné à une audience donnée",
      "tags": "litterature/blog/definition",
      "id": 23
    },
    {
      "author": "Olivier",
      "title": "C'est quoi un article?",
      "content": "Un article est un texte à visé informative, destiné à une audience donnée",
      "tags": "litterature/blog/definition",
      "id": 24
    },
    {
      "author": "Olivier",
      "title": "C'est quoi un article?",
      "content": "Un article est un texte à visé informative, destiné à une audience donnée",
      "tags": "litterature/blog/definition",
      "id": 25
    },
    {
      "author": "Wikيولد جميع الناس أحرارًا متساوين في الكرامة والحقوق. وقد وهبوا عقلاً وضميرًا وعليهم أن يعاملوا بعضهم بعضًا  ",
      "title": "Un wiki est une application web qui permet la création",
      "content": "   jjjjj juuu    ",
      "tags": "hardware/recyclage/utile/HDD",
      "id": 26
    },
    {
      "author": "Wikيولد جميع الناس أحرارًا متساوين في الكرامة والحقوق. وقد وهبوا عقلاً وضميرًا وعليهم أن يعاملوا بعضهم بعضًا  ",
      "title": "Un wiki est une application web qui permet la création",
      "content": "   jjjjj juuu    ",
      "tags": "hardware/recyclage/utile/HDD",
      "id": 27
    },
    {
      "name": "Moi",
      "address": "La cravane, dans La Mare",
      "id": 28
    },
    {
      "author": "Wikيولد جميع الناس أحرارًا متساوين في الكرامة والحقوق. وقد وهبوا عقلاً وضميرًا وعليهم أن يعاملوا بعضهم بعضًا  ",
      "title": "Un wiki est une application web qui permet la création",
      "content": "   jjjjj juuu    ",
      "tags": "hardware/recyclage/utile/HDD",
      "id": 29
    },
    {
      "author": "Wikيولد جميع الناس أحرارًا متساوين في الكرامة والحقوق. وقد وهبوا عقلاً وضميرًا وعليهم أن يعاملوا بعضهم بعضًا  ",
      "title": "Un wiki est une application web qui permet la création",
      "content": "   jjjjj juuu    ",
      "tags": "hardware/recyclage/utile/HDD",
      "id": 30
    },
    {
      "author": "Wikيولد جميع الناس أحرارًا متساوين في الكرامة والحقوق. وقد وهبوا عقلاً وضميرًا وعليهم أن يعاملوا بعضهم بعضًا  ",
      "title": "Un wiki est une application web qui permet la création",
      "content": "   jjjjj juuu    ",
      "tags": "hardware/recyclage/utile/HDD",
      "id": 31
    },
    {
      "author": "Wikيولد جميع الناس أحرارًا متساوين في الكرامة والحقوق. وقد وهبوا عقلاً وضميرًا وعليهم أن يعاملوا بعضهم بعضًا  ",
      "title": "Un wiki est une application web qui permet la création",
      "content": "   jjjjj juuu    ",
      "tags": "hardware/recyclage/utile/HDD",
      "id": 32
    },
    {
      "author": "Wikيولد جميع الناس أحرارًا متساوين في الكرامة والحقوق. وقد وهبوا عقلاً وضميرًا وعليهم أن يعاملوا بعضهم بعضًا  ",
      "title": "Un wiki est une application web qui permet la création",
      "content": "   jjjjj juuu    ",
      "tags": "hardware/recyclage/utile/HDD",
      "id": 33
    },
    {
      "author": "Olivier",
      "title": "C'est quoi?",
      "content": "Du génie",
      "tags": "litterature/blog/definition",
      "id": 34
    },
    {
      "author": "Thomas",
      "title": "industrialisation de la Lune",
      "content": "Jacques Cheminade veut collaborer avec les puissances spatiales et surtout éviter que la France ne se laisse distancer dans ce domaine. Bien évidemment, observer et sonder l’espace avec nos robots et nos satellites ne suffira pas. Il faudra y aller nous-mêmes, aller y voir de nos propres yeux, assure-t-il. Outre la planète Mars, la Lune est dans sa ligne de mire, puisqu’il veut y implanter des centres industriels et scientifiques. En tout cas, si Cheminade est élu, un ministère dédié à l’espace sera créé.",
      "tags": "hardware/recyclage/utile/HDD",
      "id": 35
    },
    {
      "author": "Thomas",
      "title": "industrialisation de la Lune",
      "content": "Jacques Cheminade veut collaborer avec les puissances spatiales et surtout éviter que la France ne se laisse distancer dans ce domaine. Bien évidemment, observer et sonder l’espace avec nos robots et nos satellites ne suffira pas. Il faudra y aller nous-mêmes, aller y voir de nos propres yeux, assure-t-il. Outre la planète Mars, la Lune est dans sa ligne de mire, puisqu’il veut y implanter des centres industriels et scientifiques. En tout cas, si Cheminade est élu, un ministère dédié à l’espace sera créé.",
      "tags": "hardware/recyclage/utile/HDD",
      "id": 36
    },
    {
      "author": "Donzo-La-Malice",
      "title": "Pourquoi Les MST peuvent être bonnes pour le moral?",
      "content": "bonn année",
      "tags": "bioAlimentaire/santé/utile/Médecine",
      "id": 37
    },
    {
      "author": "Donzo-La-Malice",
      "title": "Pourquoi Les MST peuvent être bonnes pour le moral?",
      "content": "bonn année",
      "tags": "bioAlimentaire/santé/utile/Médecine",
      "id": 38
    },
    {
      "author": "Samy",
      "title": "Quel est le poids de la matiére noire ?",
      "content": "Je sais pas.",
      "tags": "science/physique/humournoir",
      "id": 39
    },
    {
      "id": 40
    },
    {
      "author": "Samy",
      "title": "Quel est le poids de la matiére noire ?",
      "content": "Je sais pas.",
      "tags": "science/physique/humournoir",
      "id": 41
    },
    {
      "id": 42
    },
    {
      "id": 43
    },
    {
      "author": "Samy",
      "title": "Quel est le poids de la matiére noire ?",
      "content": "Je sais pas.",
      "tags": "science/physique/humournoir",
      "id": 44
    },
    {
      "author": "Samy",
      "title": "Quel est le poids de la matiére noire ?",
      "content": "Je sais pas.",
      "tags": "science/physique/humournoir",
      "id": 45
    },
    {
      "author": "Wikي",
      "title": "Un wiki est une application web qui permet la création",
      "content": "   jjjjj juuu    ",
      "tags": "hardware/recyclage/utile/HDD",
      "id": 46
    },
    {
      "author": "kikouLoL",
      "title": "Incapable de se mettre d’accord sur un nom, un groupe de pop-rock se sépare au bout de trois minutes",
      "content": "triste nouvelle",
      "tags": "groupe/ musique/ nom/ séparation",
      "id": 47
    },
    {
      "author": "Samy",
      "title": "Quel est le poids de la matiére noire ?",
      "content": "Je sais pas.",
      "tags": "science/physique/humournoir",
      "id": 48
    },
    {
      "author": "Wikي",
      "title": "Un wiki est une application web qui permet la création",
      "content": "   jjjjj juuu    ",
      "tags": "hardware/recyclage/utile/HDD",
      "id": 49
    },
    {
      "author": "Wikي",
      "title": "Un wiki est une application web qui permet la création",
      "content": "   jjjjj juuu    ",
      "tags": "hardware/recyclage/utile/HDD",
      "id": 50
    },
    {
      "name": "Moi",
      "address": "La cravane, dans La Mare",
      "id": 51
    },
    {
      "author": "Samy",
      "title": "Quel est le poids de la matiére noire ?",
      "content": "Je sais pas.",
      "tags": "science/physique/humournoir",
      "id": 52
    },
    {
      "author": "Facolombani",
      "title": "C’est quoi un usb Type-C ?",
      "content": "L'USB Type-C est une norme relative à l'utilisation d'un connecteur USB réversible, et proposée par l'USB Implementers Forum",
      "tags": "hardware/recyclage/utile/HDD",
      "id": 53
    },
    {
      "name": "zgkzej",
      "address": "La cravane, dans La Mare",
      "id": 54
    },
    {
      "id": 55
    },
    {
      "id": 56
    },
    {
      "id": 57
    },
    {
      "author": "Samy",
      "title": "Quel est le poids de la matiére noire ?",
      "content": "Je sais pas.",
      "tags": "science/physique/humournoir",
      "id": 58
    },
    {
      "name": "Thibault",
      "address": "8 rue des Nénuphars, 45200 La Mare",
      "id": 59
    },
    {
      "id": 60
    },
    {
      "name": "Thibault",
      "address": "8 rue des Nénuphars, 45200 La Mare",
      "id": 61
    },
    {
      "author": "Samy",
      "title": "Quel est le poids de la matiére noire ?",
      "content": "Je sais pas.",
      "tags": "science/physique/humournoir",
      "id": 62
    },
    {
      "author": "Facolombani",
      "title": "C’est quoi un usb Type-C ?",
      "content": "L'USB Type-C est une norme relative à l'utilisation d'un connecteur USB réversible, et proposée par l'USB Implementers Forum",
      "tags": "hardware/recyclage/utile/HDD",
      "id": 63
    },
    {
      "id": 64
    },
    {
      "name": "Un rat",
      "address": "un trou",
      "contents": "non pas content",
      "tags": "?",
      "id": 65
    },
    {
      "author": {},
      "title": {},
      "content": {},
      "tags": "hardware/recyclage/utile/HDD",
      "id": 66
    },
    {
      "author": "Wikي",
      "title": "Un wiki est une application web qui permet la création",
      "content": "   jjjjj juuu    ",
      "tags": "hardware/recyclage/utile/HDD",
      "id": 67
    },
    {
      "id": 68
    },
    {
      "id": 69
    },
    {
      "id": 70
    },
    {
      "id": 71
    },
    {
      "author": "Wikي",
      "title": "Un wiki est une application web qui permet la création",
      "content": "   jjjjj juuu    ",
      "tags": "hardware/recyclage/utile/HDD",
      "id": 72
    },
    {
      "author": "Zoe",
      "title": "Le canard",
      "content": "Un canard en plastique, ou canard en caoutchouc, ou encore canard de bain, est un jouet en forme de canard, le plus souvent jaune avec un bec de couleur orangée. À l’origine en caoutchouc, ils sont actuellement fabriqués dans des matières plastiques ressemblant au caoutchouc (PVC, polyéthylène). Le canard en plastique est souvent considéré comme un symbole des univers des jouets, de l’enfance, du bain. S’il est traditionnellement jaune, il en existe de nombreuses autres sortes.",
      "id": 73
    },
    {
      "id": 74
    },
    {
      "author": {
        "0": {}
      },
      "title": {
        "0": {}
      },
      "content": {
        "0": {},
        "1": {}
      },
      "tags": {
        "0": {}
      },
      "id": 75
    },
    {
      "author": {
        "0": {}
      },
      "title": {
        "0": {}
      },
      "content": {
        "0": {},
        "1": {}
      },
      "tags": {
        "0": {}
      },
      "id": 76
    },
    {
      "name": "Thibault",
      "address": "Si tu travailles avec un marteau piqueur pendant un tremblement de terre, désynchronise  toi, sinon tu travailles pour rien",
      "id": 77
    }
  ]
}